{
	"source": "https://id.wikipedia.org/wiki/Provinsi_di_Indonesia",
	"scraped_at": "2023-01-24T06:09:06.716Z",
	"data": {
		"provinsi": [
			{
				"id": 1,
				"code": "11",
				"name": "Aceh",
				"emblem": "https://upload.wikimedia.org/wikipedia/commons/4/41/Coat_of_arms_of_Aceh.svg",
				"capital": "Banda Aceh"
			},
			{
				"id": 2,
				"code": "12",
				"name": "Sumatra Utara",
				"emblem": "https://upload.wikimedia.org/wikipedia/commons/c/c8/Coat_of_arms_of_North_Sumatra.svg",
				"capital": "Medan"
			},
			{
				"id": 3,
				"code": "13",
				"name": "Sumatra Barat",
				"emblem": "https://upload.wikimedia.org/wikipedia/commons/6/62/Coat_of_arms_of_West_Sumatra.svg",
				"capital": "Padang"
			},
			{
				"id": 4,
				"code": "14",
				"name": "Riau",
				"emblem": "https://upload.wikimedia.org/wikipedia/commons/0/0b/Coat_of_arms_of_Riau.svg",
				"capital": "Pekanbaru"
			},
			{
				"id": 5,
				"code": "15",
				"name": "Jambi",
				"emblem": "https://upload.wikimedia.org/wikipedia/commons/f/f2/Coat_of_arms_of_Jambi.svg",
				"capital": "Jambi"
			},
			{
				"id": 6,
				"code": "16",
				"name": "Sumatra Selatan",
				"emblem": "https://upload.wikimedia.org/wikipedia/commons/4/45/Coat_of_arms_of_South_Sumatra.svg",
				"capital": "Palembang"
			},
			{
				"id": 7,
				"code": "17",
				"name": "Bengkulu",
				"emblem": "https://upload.wikimedia.org/wikipedia/commons/5/54/Coat_of_arms_of_Bengkulu.svg",
				"capital": "Bengkulu"
			},
			{
				"id": 8,
				"code": "18",
				"name": "Lampung",
				"emblem": "https://upload.wikimedia.org/wikipedia/commons/f/f0/Coat_of_arms_of_Lampung.svg",
				"capital": "Bandar Lampung"
			},
			{
				"id": 9,
				"code": "19",
				"name": "Kepulauan Bangka Belitung",
				"emblem": "https://upload.wikimedia.org/wikipedia/commons/0/08/Coat_of_arms_of_Bangka_Belitung_Islands.svg",
				"capital": "Pangkalpinang"
			},
			{
				"id": 10,
				"code": "21",
				"name": "Kepulauan Riau",
				"emblem": "https://upload.wikimedia.org/wikipedia/commons/5/54/Coat_of_arms_of_Riau_Islands.svg",
				"capital": "Tanjungpinang"
			},
			{
				"id": 11,
				"code": "31",
				"name": "Daerah Khusus Ibukota Jakarta",
				"emblem": "https://upload.wikimedia.org/wikipedia/commons/e/eb/Coat_of_arms_of_Jakarta.svg",
				"capital": ""
			},
			{
				"id": 12,
				"code": "32",
				"name": "Jawa Barat",
				"emblem": "https://upload.wikimedia.org/wikipedia/commons/9/99/Coat_of_arms_of_West_Java.svg",
				"capital": "Bandung"
			},
			{
				"id": 13,
				"code": "33",
				"name": "Jawa Tengah",
				"emblem": "https://upload.wikimedia.org/wikipedia/commons/b/bd/Coat_of_arms_of_Central_Java.svg",
				"capital": "Semarang"
			},
			{
				"id": 14,
				"code": "34",
				"name": "Daerah Istimewa Yogyakarta",
				"emblem": "https://upload.wikimedia.org/wikipedia/commons/b/b8/Coat_of_arms_of_Yogyakarta.svg",
				"capital": "Yogyakarta"
			},
			{
				"id": 15,
				"code": "35",
				"name": "Jawa Timur",
				"emblem": "https://upload.wikimedia.org/wikipedia/commons/7/74/Coat_of_arms_of_East_Java.svg",
				"capital": "Surabaya"
			},
			{
				"id": 16,
				"code": "36",
				"name": "Banten",
				"emblem": "https://upload.wikimedia.org/wikipedia/commons/5/52/Coat_of_arms_of_Banten.svg",
				"capital": "Serang"
			},
			{
				"id": 17,
				"code": "51",
				"name": "Bali",
				"emblem": "https://upload.wikimedia.org/wikipedia/commons/1/10/Coat_of_arms_of_Bali.svg",
				"capital": "Denpasar"
			},
			{
				"id": 18,
				"code": "52",
				"name": "Nusa Tenggara Barat",
				"emblem": "https://upload.wikimedia.org/wikipedia/commons/5/51/Coat_of_arms_of_West_Nusa_Tenggara.svg",
				"capital": "Mataram"
			},
			{
				"id": 19,
				"code": "53",
				"name": "Nusa Tenggara Timur",
				"emblem": "https://upload.wikimedia.org/wikipedia/commons/e/e9/Coat_of_Arms_of_East_Nusa_Tenggara_NEW.png",
				"capital": "Kupang"
			},
			{
				"id": 20,
				"code": "61",
				"name": "Kalimantan Barat",
				"emblem": "https://upload.wikimedia.org/wikipedia/commons/5/5d/Coat_of_arms_of_West_Kalimantan.svg",
				"capital": "Pontianak"
			},
			{
				"id": 21,
				"code": "62",
				"name": "Kalimantan Tengah",
				"emblem": "https://upload.wikimedia.org/wikipedia/commons/4/4e/Coat_of_arms_of_Central_Kalimantan.svg",
				"capital": "Palangka Raya"
			},
			{
				"id": 22,
				"code": "63",
				"name": "Kalimantan Selatan",
				"emblem": "https://upload.wikimedia.org/wikipedia/commons/a/a6/Coat_of_arms_of_South_Kalimantan.svg",
				"capital": "Banjarbaru"
			},
			{
				"id": 23,
				"code": "64",
				"name": "Kalimantan Timur",
				"emblem": "https://upload.wikimedia.org/wikipedia/commons/b/bc/Coat_of_arms_of_East_Kalimantan.svg",
				"capital": "Samarinda"
			},
			{
				"id": 24,
				"code": "65",
				"name": "Kalimantan Utara",
				"emblem": "https://upload.wikimedia.org/wikipedia/commons/2/21/Coat_of_arms_of_North_Kalimantan_%282021_version%29.svg",
				"capital": "Tanjung Selor"
			},
			{
				"id": 25,
				"code": "71",
				"name": "Sulawesi Utara",
				"emblem": "https://upload.wikimedia.org/wikipedia/commons/6/68/Coat_of_arms_of_North_Sulawesi.svg",
				"capital": "Manado"
			},
			{
				"id": 26,
				"code": "72",
				"name": "Sulawesi Tengah",
				"emblem": "https://upload.wikimedia.org/wikipedia/commons/4/46/Coat_of_arms_of_Central_Sulawesi.svg",
				"capital": "Palu"
			},
			{
				"id": 27,
				"code": "73",
				"name": "Sulawesi Selatan",
				"emblem": "https://upload.wikimedia.org/wikipedia/commons/6/67/Coat_of_arms_of_South_Sulawesi.svg",
				"capital": "Makassar"
			},
			{
				"id": 28,
				"code": "74",
				"name": "Sulawesi Tenggara",
				"emblem": "https://upload.wikimedia.org/wikipedia/commons/3/31/Coat_of_arms_of_Southeast_Sulawesi.svg",
				"capital": "Kendari"
			},
			{
				"id": 29,
				"code": "75",
				"name": "Gorontalo",
				"emblem": "https://upload.wikimedia.org/wikipedia/commons/0/01/Coat_of_arms_of_Gorontalo.svg",
				"capital": "Gorontalo"
			},
			{
				"id": 30,
				"code": "76",
				"name": "Sulawesi Barat",
				"emblem": "https://upload.wikimedia.org/wikipedia/commons/8/89/Coat_of_arms_of_West_Sulawesi.svg",
				"capital": "Mamuju"
			},
			{
				"id": 31,
				"code": "81",
				"name": "Maluku",
				"emblem": "https://upload.wikimedia.org/wikipedia/commons/3/39/Coat_of_arms_of_Maluku.svg",
				"capital": "Ambon"
			},
			{
				"id": 32,
				"code": "82",
				"name": "Maluku Utara",
				"emblem": "https://upload.wikimedia.org/wikipedia/commons/7/73/Coat_of_arms_of_North_Maluku.svg",
				"capital": "Sofifi"
			},
			{
				"id": 33,
				"code": "91",
				"name": "Papua",
				"emblem": "https://upload.wikimedia.org/wikipedia/commons/9/98/Coat_of_arms_of_Papua_2.svg",
				"capital": "Jayapura"
			},
			{
				"id": 34,
				"code": "92",
				"name": "Papua Barat",
				"emblem": "https://upload.wikimedia.org/wikipedia/commons/d/de/Coat_of_arms_of_West_Papua.svg",
				"capital": "Manokwari"
			},
			{
				"id": 35,
				"code": "93",
				"name": "Papua Selatan",
				"emblem": "",
				"capital": "Merauke"
			},
			{
				"id": 36,
				"code": "94",
				"name": "Papua Tengah",
				"emblem": "https://upload.wikimedia.org/wikipedia/commons/a/ad/Opsi_Lambang_Papua_Tengah.png",
				"capital": "Nabire"
			},
			{
				"id": 37,
				"code": "95",
				"name": "Papua Pegunungan",
				"emblem": "https://upload.wikimedia.org/wikipedia/commons/2/2e/Coat_of_arms_of_Highland_Papua.png",
				"capital": "Wamena"
			},
			{
				"id": 38,
				"code": "96",
				"name": "Papua Barat Daya",
				"emblem": "https://upload.wikimedia.org/wikipedia/commons/a/a5/Coat_of_Arms_of_Southwest_Papua_Province_%28HD%29.png",
				"capital": "Sorong"
			}
		]
	}
}